,Year,Population,LifeExp,gdpPercap
count,24.0,24.0,24.0,24.0
mean,1979.5,65262185.041666664,62.528166666666664,5781.4707097499995
std,17.63149356173184,66356265.69222945,7.928745987073633,1956.1563940799997
min,1952.0,3548753.0,48.357,2108.944355
25%,1965.75,8094104.0,56.42475,4009.72222125
50%,1979.5,35179120.0,62.4125,6570.947823500001
75%,1993.25,117976198.0,69.44425000000001,7131.224763
max,2007.0,190010647.0,74.994,9065.800825
